-- MySQL dump 10.13  Distrib 5.7.21, for Linux (x86_64)
--
-- Host: localhost    Database: blog
-- ------------------------------------------------------
-- Server version	5.7.21-0ubuntu0.16.04.1

/*!40101 SET @OLD_CHARACTER_SET_CLIENT=@@CHARACTER_SET_CLIENT */;
/*!40101 SET @OLD_CHARACTER_SET_RESULTS=@@CHARACTER_SET_RESULTS */;
/*!40101 SET @OLD_COLLATION_CONNECTION=@@COLLATION_CONNECTION */;
/*!40101 SET NAMES utf8 */;
/*!40103 SET @OLD_TIME_ZONE=@@TIME_ZONE */;
/*!40103 SET TIME_ZONE='+00:00' */;
/*!40014 SET @OLD_UNIQUE_CHECKS=@@UNIQUE_CHECKS, UNIQUE_CHECKS=0 */;
/*!40014 SET @OLD_FOREIGN_KEY_CHECKS=@@FOREIGN_KEY_CHECKS, FOREIGN_KEY_CHECKS=0 */;
/*!40101 SET @OLD_SQL_MODE=@@SQL_MODE, SQL_MODE='NO_AUTO_VALUE_ON_ZERO' */;
/*!40111 SET @OLD_SQL_NOTES=@@SQL_NOTES, SQL_NOTES=0 */;

--
-- Table structure for table `auth_group`
--

DROP TABLE IF EXISTS `auth_group`;
/*!40101 SET @saved_cs_client     = @@character_set_client */;
/*!40101 SET character_set_client = utf8 */;
CREATE TABLE `auth_group` (
  `id` int(11) NOT NULL AUTO_INCREMENT,
  `name` varchar(150) NOT NULL,
  PRIMARY KEY (`id`),
  UNIQUE KEY `name` (`name`)
) ENGINE=InnoDB DEFAULT CHARSET=utf8;
/*!40101 SET character_set_client = @saved_cs_client */;

--
-- Dumping data for table `auth_group`
--

LOCK TABLES `auth_group` WRITE;
/*!40000 ALTER TABLE `auth_group` DISABLE KEYS */;
/*!40000 ALTER TABLE `auth_group` ENABLE KEYS */;
UNLOCK TABLES;

--
-- Table structure for table `auth_group_permissions`
--

DROP TABLE IF EXISTS `auth_group_permissions`;
/*!40101 SET @saved_cs_client     = @@character_set_client */;
/*!40101 SET character_set_client = utf8 */;
CREATE TABLE `auth_group_permissions` (
  `id` int(11) NOT NULL AUTO_INCREMENT,
  `group_id` int(11) NOT NULL,
  `permission_id` int(11) NOT NULL,
  PRIMARY KEY (`id`),
  UNIQUE KEY `auth_group_permissions_group_id_permission_id_0cd325b0_uniq` (`group_id`,`permission_id`),
  KEY `auth_group_permissio_permission_id_84c5c92e_fk_auth_perm` (`permission_id`),
  CONSTRAINT `auth_group_permissio_permission_id_84c5c92e_fk_auth_perm` FOREIGN KEY (`permission_id`) REFERENCES `auth_permission` (`id`),
  CONSTRAINT `auth_group_permissions_group_id_b120cbf9_fk_auth_group_id` FOREIGN KEY (`group_id`) REFERENCES `auth_group` (`id`)
) ENGINE=InnoDB DEFAULT CHARSET=utf8;
/*!40101 SET character_set_client = @saved_cs_client */;

--
-- Dumping data for table `auth_group_permissions`
--

LOCK TABLES `auth_group_permissions` WRITE;
/*!40000 ALTER TABLE `auth_group_permissions` DISABLE KEYS */;
/*!40000 ALTER TABLE `auth_group_permissions` ENABLE KEYS */;
UNLOCK TABLES;

--
-- Table structure for table `auth_permission`
--

DROP TABLE IF EXISTS `auth_permission`;
/*!40101 SET @saved_cs_client     = @@character_set_client */;
/*!40101 SET character_set_client = utf8 */;
CREATE TABLE `auth_permission` (
  `id` int(11) NOT NULL AUTO_INCREMENT,
  `name` varchar(255) NOT NULL,
  `content_type_id` int(11) NOT NULL,
  `codename` varchar(100) NOT NULL,
  PRIMARY KEY (`id`),
  UNIQUE KEY `auth_permission_content_type_id_codename_01ab375a_uniq` (`content_type_id`,`codename`),
  CONSTRAINT `auth_permission_content_type_id_2f476e4b_fk_django_co` FOREIGN KEY (`content_type_id`) REFERENCES `django_content_type` (`id`)
) ENGINE=InnoDB AUTO_INCREMENT=37 DEFAULT CHARSET=utf8;
/*!40101 SET character_set_client = @saved_cs_client */;

--
-- Dumping data for table `auth_permission`
--

LOCK TABLES `auth_permission` WRITE;
/*!40000 ALTER TABLE `auth_permission` DISABLE KEYS */;
INSERT INTO `auth_permission` VALUES (1,'Can add log entry',1,'add_logentry'),(2,'Can change log entry',1,'change_logentry'),(3,'Can delete log entry',1,'delete_logentry'),(4,'Can view log entry',1,'view_logentry'),(5,'Can add permission',2,'add_permission'),(6,'Can change permission',2,'change_permission'),(7,'Can delete permission',2,'delete_permission'),(8,'Can view permission',2,'view_permission'),(9,'Can add group',3,'add_group'),(10,'Can change group',3,'change_group'),(11,'Can delete group',3,'delete_group'),(12,'Can view group',3,'view_group'),(13,'Can add content type',4,'add_contenttype'),(14,'Can change content type',4,'change_contenttype'),(15,'Can delete content type',4,'delete_contenttype'),(16,'Can view content type',4,'view_contenttype'),(17,'Can add session',5,'add_session'),(18,'Can change session',5,'change_session'),(19,'Can delete session',5,'delete_session'),(20,'Can view session',5,'view_session'),(21,'Can add user',6,'add_user'),(22,'Can change user',6,'change_user'),(23,'Can delete user',6,'delete_user'),(24,'Can view user',6,'view_user'),(25,'Can add 文章管理',8,'add_article'),(26,'Can change 文章管理',8,'change_article'),(27,'Can delete 文章管理',8,'delete_article'),(28,'Can view 文章管理',8,'view_article'),(29,'Can add 类别管理',9,'add_articlecategory'),(30,'Can change 类别管理',9,'change_articlecategory'),(31,'Can delete 类别管理',9,'delete_articlecategory'),(32,'Can view 类别管理',9,'view_articlecategory'),(33,'Can add 评论管理',7,'add_comment'),(34,'Can change 评论管理',7,'change_comment'),(35,'Can delete 评论管理',7,'delete_comment'),(36,'Can view 评论管理',7,'view_comment');
/*!40000 ALTER TABLE `auth_permission` ENABLE KEYS */;
UNLOCK TABLES;

--
-- Table structure for table `django_admin_log`
--

DROP TABLE IF EXISTS `django_admin_log`;
/*!40101 SET @saved_cs_client     = @@character_set_client */;
/*!40101 SET character_set_client = utf8 */;
CREATE TABLE `django_admin_log` (
  `id` int(11) NOT NULL AUTO_INCREMENT,
  `action_time` datetime(6) NOT NULL,
  `object_id` longtext,
  `object_repr` varchar(200) NOT NULL,
  `action_flag` smallint(5) unsigned NOT NULL,
  `change_message` longtext NOT NULL,
  `content_type_id` int(11) DEFAULT NULL,
  `user_id` int(11) NOT NULL,
  PRIMARY KEY (`id`),
  KEY `django_admin_log_content_type_id_c4bce8eb_fk_django_co` (`content_type_id`),
  KEY `django_admin_log_user_id_c564eba6_fk_users_user_id` (`user_id`),
  CONSTRAINT `django_admin_log_content_type_id_c4bce8eb_fk_django_co` FOREIGN KEY (`content_type_id`) REFERENCES `django_content_type` (`id`),
  CONSTRAINT `django_admin_log_user_id_c564eba6_fk_users_user_id` FOREIGN KEY (`user_id`) REFERENCES `users_user` (`id`)
) ENGINE=InnoDB AUTO_INCREMENT=195 DEFAULT CHARSET=utf8;
/*!40101 SET character_set_client = @saved_cs_client */;

--
-- Dumping data for table `django_admin_log`
--

LOCK TABLES `django_admin_log` WRITE;
/*!40000 ALTER TABLE `django_admin_log` DISABLE KEYS */;
INSERT INTO `django_admin_log` VALUES (1,'2019-12-10 04:05:39.139969','1','Python',1,'[{\"added\": {}}]',9,1),(2,'2019-12-10 04:05:43.533110','2','Java',1,'[{\"added\": {}}]',9,1),(3,'2019-12-10 04:05:46.763102','3','HTML',1,'[{\"added\": {}}]',9,1),(4,'2019-12-10 04:05:49.961922','4','PHP',1,'[{\"added\": {}}]',9,1),(5,'2019-12-10 04:05:55.840464','5','C/C++',1,'[{\"added\": {}}]',9,1),(6,'2019-12-10 04:06:02.061100','6','测试',1,'[{\"added\": {}}]',9,1),(7,'2019-12-10 06:55:09.731836','217','测试学起来',2,'[{\"changed\": {\"fields\": [\"content\"]}}]',8,1),(8,'2020-01-12 02:03:55.131733','252','我很迷茫',3,'',8,1),(9,'2020-03-02 13:46:05.872043','255','论今天提前登陆的重要性',3,'',8,1),(10,'2020-04-28 07:49:00.071378','256','标题',3,'',8,1),(11,'2020-04-28 07:49:00.122791','254','Python学习',3,'',8,1),(12,'2020-04-28 07:49:00.151578','253','学Python就来黑马程序员学习',3,'',8,1),(13,'2020-04-28 07:49:00.156742','244','测试学起来',3,'',8,1),(14,'2020-04-28 07:49:00.161879','243','测试学起来',3,'',8,1),(15,'2020-04-28 07:49:00.166951','242','测试学起来',3,'',8,1),(16,'2020-04-28 07:49:00.171633','241','测试学起来',3,'',8,1),(17,'2020-04-28 07:49:00.176317','240','测试学起来',3,'',8,1),(18,'2020-04-28 07:49:00.180985','239','测试学起来',3,'',8,1),(19,'2020-04-28 07:49:00.185999','238','测试学起来',3,'',8,1),(20,'2020-04-28 07:49:00.191240','237','测试学起来',3,'',8,1),(21,'2020-04-28 07:49:00.196314','233','测试学起来',3,'',8,1),(22,'2020-04-28 07:49:00.202954','232','测试学起来',3,'',8,1),(23,'2020-04-28 07:49:00.208105','231','测试学起来',3,'',8,1),(24,'2020-04-28 07:49:00.212843','230','测试学起来',3,'',8,1),(25,'2020-04-28 07:49:00.217303','228','测试学起来',3,'',8,1),(26,'2020-04-28 07:49:00.223702','227','测试学起来',3,'',8,1),(27,'2020-04-28 07:49:00.230094','226','测试学起来',3,'',8,1),(28,'2020-04-28 07:49:00.235580','225','测试学起来',3,'',8,1),(29,'2020-04-28 07:49:00.243021','190','C/C++学习',3,'',8,1),(30,'2020-04-28 07:49:00.248073','189','C/C++学习',3,'',8,1),(31,'2020-04-28 07:49:00.252699','188','C/C++学习',3,'',8,1),(32,'2020-04-28 07:49:00.257613','187','C/C++学习',3,'',8,1),(33,'2020-04-28 07:49:00.262338','186','C/C++学习',3,'',8,1),(34,'2020-04-28 07:49:00.267228','185','C/C++学习',3,'',8,1),(35,'2020-04-28 07:49:00.271955','184','C/C++学习',3,'',8,1),(36,'2020-04-28 07:49:00.276945','183','C/C++学习',3,'',8,1),(37,'2020-04-28 07:49:00.281760','179','C/C++学习',3,'',8,1),(38,'2020-04-28 07:49:00.286865','178','C/C++学习',3,'',8,1),(39,'2020-04-28 07:49:00.291484','177','C/C++学习',3,'',8,1),(40,'2020-04-28 07:49:00.296387','176','C/C++学习',3,'',8,1),(41,'2020-04-28 07:49:00.301408','174','C/C++学习',3,'',8,1),(42,'2020-04-28 07:49:00.306292','173','C/C++学习',3,'',8,1),(43,'2020-04-28 07:49:00.311632','172','C/C++学习',3,'',8,1),(44,'2020-04-28 07:49:00.316893','171','C/C++学习',3,'',8,1),(45,'2020-04-28 07:49:00.321571','163','PHP学习就来大传智',3,'',8,1),(46,'2020-04-28 07:49:00.326249','162','PHP学习就来大传智',3,'',8,1),(47,'2020-04-28 07:49:00.331278','161','PHP学习就来大传智',3,'',8,1),(48,'2020-04-28 07:49:00.336661','160','PHP学习就来大传智',3,'',8,1),(49,'2020-04-28 07:49:00.345784','159','PHP学习就来大传智',3,'',8,1),(50,'2020-04-28 07:49:00.351342','158','PHP学习就来大传智',3,'',8,1),(51,'2020-04-28 07:49:00.356323','157','PHP学习就来大传智',3,'',8,1),(52,'2020-04-28 07:49:00.361475','156','PHP学习就来大传智',3,'',8,1),(53,'2020-04-28 07:49:00.366934','152','PHP学习就来大传智',3,'',8,1),(54,'2020-04-28 07:49:00.374088','151','PHP学习就来大传智',3,'',8,1),(55,'2020-04-28 07:49:00.379684','150','PHP学习就来大传智',3,'',8,1),(56,'2020-04-28 07:49:00.384926','149','PHP学习就来大传智',3,'',8,1),(57,'2020-04-28 07:49:00.389812','147','PHP学习就来大传智',3,'',8,1),(58,'2020-04-28 07:49:00.394759','146','PHP学习就来大传智',3,'',8,1),(59,'2020-04-28 07:49:00.401644','145','PHP学习就来大传智',3,'',8,1),(60,'2020-04-28 07:49:00.406062','144','PHP学习就来大传智',3,'',8,1),(61,'2020-04-28 07:49:00.411236','136','HTML开发学习',3,'',8,1),(62,'2020-04-28 07:49:00.415948','135','HTML开发学习',3,'',8,1),(63,'2020-04-28 07:49:00.420432','134','HTML开发学习',3,'',8,1),(64,'2020-04-28 07:49:00.425226','133','HTML开发学习',3,'',8,1),(65,'2020-04-28 07:49:00.431778','132','HTML开发学习',3,'',8,1),(66,'2020-04-28 07:49:00.436420','131','HTML开发学习',3,'',8,1),(67,'2020-04-28 07:49:00.441022','130','HTML开发学习',3,'',8,1),(68,'2020-04-28 07:49:00.445892','129','HTML开发学习',3,'',8,1),(69,'2020-04-28 07:49:00.450671','125','HTML开发学习',3,'',8,1),(70,'2020-04-28 07:49:00.455772','124','HTML开发学习',3,'',8,1),(71,'2020-04-28 07:49:00.462269','123','HTML开发学习',3,'',8,1),(72,'2020-04-28 07:49:00.467757','122','HTML开发学习',3,'',8,1),(73,'2020-04-28 07:49:00.472423','120','HTML开发学习',3,'',8,1),(74,'2020-04-28 07:49:00.478514','119','HTML开发学习',3,'',8,1),(75,'2020-04-28 07:49:00.482947','118','HTML开发学习',3,'',8,1),(76,'2020-04-28 07:49:00.487056','117','HTML开发学习',3,'',8,1),(77,'2020-04-28 07:49:00.491395','101','Java 欢迎来到传智播客旗下高端IT教育平台--黑马程序员学习',3,'',8,1),(78,'2020-04-28 07:49:00.495685','100','Java 欢迎来到传智播客旗下高端IT教育平台--黑马程序员学习',3,'',8,1),(79,'2020-04-28 07:49:00.500242','99','Java 欢迎来到传智播客旗下高端IT教育平台--黑马程序员学习',3,'',8,1),(80,'2020-04-28 07:49:00.505363','98','Java 欢迎来到传智播客旗下高端IT教育平台--黑马程序员学习',3,'',8,1),(81,'2020-04-28 07:49:00.510298','97','Java 欢迎来到传智播客旗下高端IT教育平台--黑马程序员学习',3,'',8,1),(82,'2020-04-28 07:49:00.514719','96','Java 欢迎来到传智播客旗下高端IT教育平台--黑马程序员学习',3,'',8,1),(83,'2020-04-28 07:49:00.519212','95','Java 欢迎来到传智播客旗下高端IT教育平台--黑马程序员学习',3,'',8,1),(84,'2020-04-28 07:49:00.524007','94','Java 欢迎来到传智播客旗下高端IT教育平台--黑马程序员学习',3,'',8,1),(85,'2020-04-28 07:49:00.528971','93','Java 欢迎来到传智播客旗下高端IT教育平台--黑马程序员学习',3,'',8,1),(86,'2020-04-28 07:49:00.534975','92','Java 欢迎来到传智播客旗下高端IT教育平台--黑马程序员学习',3,'',8,1),(87,'2020-04-28 07:49:00.540511','91','Java 欢迎来到传智播客旗下高端IT教育平台--黑马程序员学习',3,'',8,1),(88,'2020-04-28 07:49:00.545492','90','Java 欢迎来到传智播客旗下高端IT教育平台--黑马程序员学习',3,'',8,1),(89,'2020-04-28 07:49:00.550552','89','Java 欢迎来到传智播客旗下高端IT教育平台--黑马程序员学习',3,'',8,1),(90,'2020-04-28 07:49:00.555240','88','Java 欢迎来到传智播客旗下高端IT教育平台--黑马程序员学习',3,'',8,1),(91,'2020-04-28 07:49:00.562417','87','Java 欢迎来到传智播客旗下高端IT教育平台--黑马程序员学习',3,'',8,1),(92,'2020-04-28 07:49:00.567730','86','Java 欢迎来到传智播客旗下高端IT教育平台--黑马程序员学习',3,'',8,1),(93,'2020-04-28 07:49:00.572628','78','Java 欢迎来到传智播客旗下高端IT教育平台--黑马程序员学习',3,'',8,1),(94,'2020-04-28 07:49:00.577774','77','Java 欢迎来到传智播客旗下高端IT教育平台--黑马程序员学习',3,'',8,1),(95,'2020-04-28 07:49:00.582040','76','Java 欢迎来到传智播客旗下高端IT教育平台--黑马程序员学习',3,'',8,1),(96,'2020-04-28 07:49:00.586880','75','Java 欢迎来到传智播客旗下高端IT教育平台--黑马程序员学习',3,'',8,1),(97,'2020-04-28 07:49:00.591314','74','Java 欢迎来到传智播客旗下高端IT教育平台--黑马程序员学习',3,'',8,1),(98,'2020-04-28 07:49:00.596698','73','Java 欢迎来到传智播客旗下高端IT教育平台--黑马程序员学习',3,'',8,1),(99,'2020-04-28 07:49:00.601359','72','Java 欢迎来到传智播客旗下高端IT教育平台--黑马程序员学习',3,'',8,1),(100,'2020-04-28 07:49:00.605568','71','Java 欢迎来到传智播客旗下高端IT教育平台--黑马程序员学习',3,'',8,1),(101,'2020-04-28 07:49:00.609631','67','Java 欢迎来到传智播客旗下高端IT教育平台--黑马程序员学习',3,'',8,1),(102,'2020-04-28 07:49:00.613637','66','Java 欢迎来到传智播客旗下高端IT教育平台--黑马程序员学习',3,'',8,1),(103,'2020-04-28 07:49:00.617808','65','Java 欢迎来到传智播客旗下高端IT教育平台--黑马程序员学习',3,'',8,1),(104,'2020-04-28 07:49:00.622188','64','Java 欢迎来到传智播客旗下高端IT教育平台--黑马程序员学习',3,'',8,1),(105,'2020-04-28 07:49:00.627340','62','Java 欢迎来到传智播客旗下高端IT教育平台--黑马程序员学习',3,'',8,1),(106,'2020-04-28 07:49:00.632644','61','Java 欢迎来到传智播客旗下高端IT教育平台--黑马程序员学习',3,'',8,1),(107,'2020-04-28 07:49:00.636852','60','Java 欢迎来到传智播客旗下高端IT教育平台--黑马程序员学习',3,'',8,1),(108,'2020-04-28 07:49:00.641483','59','Java 欢迎来到传智播客旗下高端IT教育平台--黑马程序员学习',3,'',8,1),(109,'2020-04-28 07:49:00.645875','43','Python 欢迎来到传智播客旗下高端IT教育平台--黑马程序员学习',3,'',8,1),(110,'2020-04-28 07:49:06.338698','42','Python 欢迎来到传智播客旗下高端IT教育平台--黑马程序员学习',3,'',8,1),(111,'2020-04-28 07:49:06.351407','41','Python 欢迎来到传智播客旗下高端IT教育平台--黑马程序员学习',3,'',8,1),(112,'2020-04-28 07:49:06.358464','40','Python 欢迎来到传智播客旗下高端IT教育平台--黑马程序员学习',3,'',8,1),(113,'2020-04-28 07:49:06.363416','39','Python 欢迎来到传智播客旗下高端IT教育平台--黑马程序员学习',3,'',8,1),(114,'2020-04-28 07:49:06.368287','38','Python 欢迎来到传智播客旗下高端IT教育平台--黑马程序员学习',3,'',8,1),(115,'2020-04-28 07:49:06.373117','37','Python 欢迎来到传智播客旗下高端IT教育平台--黑马程序员学习',3,'',8,1),(116,'2020-04-28 07:49:06.379426','36','Python 欢迎来到传智播客旗下高端IT教育平台--黑马程序员学习',3,'',8,1),(117,'2020-04-28 07:49:06.384596','35','Python 欢迎来到传智播客旗下高端IT教育平台--黑马程序员学习',3,'',8,1),(118,'2020-04-28 07:49:06.389839','34','Python 欢迎来到传智播客旗下高端IT教育平台--黑马程序员学习',3,'',8,1),(119,'2020-04-28 07:49:06.395143','33','Python 欢迎来到传智播客旗下高端IT教育平台--黑马程序员学习',3,'',8,1),(120,'2020-04-28 07:49:06.399909','32','Python 欢迎来到传智播客旗下高端IT教育平台--黑马程序员学习',3,'',8,1),(121,'2020-04-28 07:49:06.405090','31','Python 欢迎来到传智播客旗下高端IT教育平台--黑马程序员学习',3,'',8,1),(122,'2020-04-28 07:49:06.410406','30','Python 欢迎来到传智播客旗下高端IT教育平台--黑马程序员学习',3,'',8,1),(123,'2020-04-28 07:49:06.415354','29','Python 欢迎来到传智播客旗下高端IT教育平台--黑马程序员学习',3,'',8,1),(124,'2020-04-28 07:49:06.419964','28','Python 欢迎来到传智播客旗下高端IT教育平台--黑马程序员学习',3,'',8,1),(125,'2020-04-28 07:49:06.424541','20','Python 欢迎来到传智播客旗下高端IT教育平台--黑马程序员学习',3,'',8,1),(126,'2020-04-28 07:49:06.430227','19','Python 欢迎来到传智播客旗下高端IT教育平台--黑马程序员学习',3,'',8,1),(127,'2020-04-28 07:49:06.435775','18','Python 欢迎来到传智播客旗下高端IT教育平台--黑马程序员学习',3,'',8,1),(128,'2020-04-28 07:49:06.440208','17','Python 欢迎来到传智播客旗下高端IT教育平台--黑马程序员学习',3,'',8,1),(129,'2020-04-28 07:49:06.444641','16','Python 欢迎来到传智播客旗下高端IT教育平台--黑马程序员学习',3,'',8,1),(130,'2020-04-28 07:49:06.449233','15','Python 欢迎来到传智播客旗下高端IT教育平台--黑马程序员学习',3,'',8,1),(131,'2020-04-28 07:49:06.453747','14','Python 欢迎来到传智播客旗下高端IT教育平台--黑马程序员学习',3,'',8,1),(132,'2020-04-28 07:49:06.458505','13','Python 欢迎来到传智播客旗下高端IT教育平台--黑马程序员学习',3,'',8,1),(133,'2020-04-28 07:49:06.463039','9','Python 欢迎来到传智播客旗下高端IT教育平台--黑马程序员学习',3,'',8,1),(134,'2020-04-28 07:49:06.467519','8','Python 欢迎来到传智播客旗下高端IT教育平台--黑马程序员学习',3,'',8,1),(135,'2020-04-28 07:49:06.471623','7','Python 欢迎来到传智播客旗下高端IT教育平台--黑马程序员学习',3,'',8,1),(136,'2020-04-28 07:49:06.476515','6','Python 欢迎来到传智播客旗下高端IT教育平台--黑马程序员学习',3,'',8,1),(137,'2020-04-28 07:49:06.481537','4','Python 欢迎来到传智播客旗下高端IT教育平台--黑马程序员学习',3,'',8,1),(138,'2020-04-28 07:49:06.486652','3','Python 欢迎来到传智播客旗下高端IT教育平台--黑马程序员学习',3,'',8,1),(139,'2020-04-28 07:49:06.492724','2','Python 欢迎来到传智播客旗下高端IT教育平台--黑马程序员学习',3,'',8,1),(140,'2020-04-28 07:49:06.498364','1','Python 欢迎来到传智播客旗下高端IT教育平台--黑马程序员学习',3,'',8,1),(141,'2020-04-28 07:53:25.180496','257','黑马程序员Python学科',1,'[{\"added\": {}}]',8,1),(142,'2020-04-28 07:54:52.817065','257','黑马程序员Python学科',2,'[{\"changed\": {\"fields\": [\"content\"]}}]',8,1),(143,'2020-04-28 07:55:27.776785','257','黑马程序员Python学科',2,'[{\"changed\": {\"fields\": [\"content\"]}}]',8,1),(144,'2020-04-28 07:56:59.994641','257','黑马程序员Python学科',2,'[{\"changed\": {\"fields\": [\"content\"]}}]',8,1),(145,'2020-04-28 07:57:45.472507','257','黑马程序员Python学科',2,'[{\"changed\": {\"fields\": [\"content\"]}}]',8,1),(146,'2020-04-28 07:58:13.240251','257','黑马程序员Python学科',2,'[{\"changed\": {\"fields\": [\"content\"]}}]',8,1),(147,'2020-04-28 07:59:12.001456','257','黑马程序员Python学科',2,'[{\"changed\": {\"fields\": [\"content\"]}}]',8,1),(148,'2020-04-28 07:59:55.591980','257','黑马程序员Python学科',2,'[{\"changed\": {\"fields\": [\"content\"]}}]',8,1),(149,'2020-04-28 08:03:04.840955','258','Django框架学习',1,'[{\"added\": {}}]',8,1),(150,'2020-04-28 08:03:18.397517','258','Django框架学习',2,'[{\"changed\": {\"fields\": [\"category\"]}}]',8,1),(151,'2020-04-28 08:09:30.023753','259','Python全栈开发',1,'[{\"added\": {}}]',8,1),(152,'2020-04-28 08:14:50.627824','260','人工智能时代到来',1,'[{\"added\": {}}]',8,1),(153,'2020-04-28 08:17:21.512071','261','想学Java，来传智播客',1,'[{\"added\": {}}]',8,1),(154,'2020-04-28 08:20:14.737073','262','大前端改变世界',1,'[{\"added\": {}}]',8,1),(155,'2020-04-28 08:20:40.564727','4','PHP',3,'',9,1),(156,'2020-04-28 08:24:34.437111','263','测试工程师的摇篮',1,'[{\"added\": {}}]',8,1),(157,'2020-04-28 08:26:29.982285','264','C生万物',1,'[{\"added\": {}}]',8,1),(158,'2020-04-28 08:28:22.478652','264','C生万物',2,'[{\"changed\": {\"fields\": [\"avatar\"]}}]',8,1),(159,'2020-04-28 08:29:32.059508','264','C生万物',2,'[{\"changed\": {\"fields\": [\"avatar\"]}}]',8,1),(160,'2020-04-28 08:30:16.103728','261','想学Java，来传智播客',2,'[{\"changed\": {\"fields\": [\"avatar\"]}}]',8,1),(161,'2020-04-28 08:31:08.575563','257','黑马程序员Python学科',2,'[{\"changed\": {\"fields\": [\"avatar\"]}}]',8,1),(162,'2020-04-28 08:32:02.226944','261','想学Java，来传智播客',2,'[{\"changed\": {\"fields\": [\"avatar\"]}}]',8,1),(163,'2020-04-29 02:35:09.452161','265','Flask项目',1,'[{\"added\": {}}]',8,1),(164,'2020-04-29 02:37:40.958690','266','Python项目测试和监控',1,'[{\"added\": {}}]',8,1),(165,'2020-04-29 02:40:34.098523','267','数据采集--scrapy框架',1,'[{\"added\": {}}]',8,1),(166,'2020-04-29 02:44:45.274885','268','传智云课堂项目',1,'[{\"added\": {}}]',8,1),(167,'2020-04-29 02:47:17.527875','269','泛娱乐推荐系统项目',1,'[{\"added\": {}}]',8,1),(168,'2020-04-29 02:49:17.445063','270','黑马头条推荐系统',1,'[{\"added\": {}}]',8,1),(169,'2020-04-29 02:51:06.909494','271','在线商品检测项目',1,'[{\"added\": {}}]',8,1),(170,'2020-04-29 02:55:45.526866','272','Java依旧是王者',1,'[{\"added\": {}}]',8,1),(171,'2020-04-29 02:57:52.292930','273','探花交友项目',1,'[{\"added\": {}}]',8,1),(172,'2020-04-29 03:02:44.893982','274','黑马头条Java项目',1,'[{\"added\": {}}]',8,1),(173,'2020-04-29 03:10:10.544855','275','传智健康',1,'[{\"added\": {}}]',8,1),(174,'2020-04-29 03:12:28.650713','276','iHRM 人力资源管理系统',1,'[{\"added\": {}}]',8,1),(175,'2020-04-29 03:13:42.699385','277','万信金融',1,'[{\"added\": {}}]',8,1),(176,'2020-04-29 03:14:40.509326','278','SaaS-Export',1,'[{\"added\": {}}]',8,1),(177,'2020-04-29 03:20:08.082007','279','青橙电商',1,'[{\"added\": {}}]',8,1),(178,'2020-04-29 03:20:55.236466','280','充吧',1,'[{\"added\": {}}]',8,1),(179,'2020-04-29 03:22:58.956637','281','想学习变成来传智播客学Java',1,'[{\"added\": {}}]',8,1),(180,'2020-04-29 06:35:50.899590','282','好客租房项目',1,'[{\"added\": {}}]',8,1),(181,'2020-04-29 06:36:41.793883','283','黑马面面',1,'[{\"added\": {}}]',8,1),(182,'2020-04-29 06:37:28.724429','284','黑马头条移动端',1,'[{\"added\": {}}]',8,1),(183,'2020-04-29 06:38:20.876831','285','探花交友',1,'[{\"added\": {}}]',8,1),(184,'2020-04-29 06:39:25.944140','286','闲云旅游',1,'[{\"added\": {}}]',8,1),(185,'2020-04-29 06:42:58.959194','287','游戏服务器',1,'[{\"added\": {}}]',8,1),(186,'2020-04-29 06:43:46.927139','288','安全传输平台',1,'[{\"added\": {}}]',8,1),(187,'2020-04-29 06:44:38.639513','289','爱家',1,'[{\"added\": {}}]',8,1),(188,'2020-04-29 06:45:41.314669','290','C/C++课程设计理念',1,'[{\"added\": {}}]',8,1),(189,'2020-04-29 06:46:39.534688','291','2020年C/C++课程5.0',1,'[{\"added\": {}}]',8,1),(190,'2020-04-29 06:55:50.533459','292','说走就走共享汽车模拟器',1,'[{\"added\": {}}]',8,1),(191,'2020-04-29 06:56:39.549169','293','TPShop',1,'[{\"added\": {}}]',8,1),(192,'2020-04-29 06:57:27.736696','294','黑马头条',1,'[{\"added\": {}}]',8,1),(193,'2020-04-29 06:58:25.093333','295','iHRM人力资源管理系统',1,'[{\"added\": {}}]',8,1),(194,'2020-04-29 06:59:11.425169','296','学车不',1,'[{\"added\": {}}]',8,1);
/*!40000 ALTER TABLE `django_admin_log` ENABLE KEYS */;
UNLOCK TABLES;

--
-- Table structure for table `django_content_type`
--

DROP TABLE IF EXISTS `django_content_type`;
/*!40101 SET @saved_cs_client     = @@character_set_client */;
/*!40101 SET character_set_client = utf8 */;
CREATE TABLE `django_content_type` (
  `id` int(11) NOT NULL AUTO_INCREMENT,
  `app_label` varchar(100) NOT NULL,
  `model` varchar(100) NOT NULL,
  PRIMARY KEY (`id`),
  UNIQUE KEY `django_content_type_app_label_model_76bd3d3b_uniq` (`app_label`,`model`)
) ENGINE=InnoDB AUTO_INCREMENT=10 DEFAULT CHARSET=utf8;
/*!40101 SET character_set_client = @saved_cs_client */;

--
-- Dumping data for table `django_content_type`
--

LOCK TABLES `django_content_type` WRITE;
/*!40000 ALTER TABLE `django_content_type` DISABLE KEYS */;
INSERT INTO `django_content_type` VALUES (1,'admin','logentry'),(3,'auth','group'),(2,'auth','permission'),(4,'contenttypes','contenttype'),(8,'home','article'),(9,'home','articlecategory'),(7,'home','comment'),(5,'sessions','session'),(6,'users','user');
/*!40000 ALTER TABLE `django_content_type` ENABLE KEYS */;
UNLOCK TABLES;

--
-- Table structure for table `django_migrations`
--

DROP TABLE IF EXISTS `django_migrations`;
/*!40101 SET @saved_cs_client     = @@character_set_client */;
/*!40101 SET character_set_client = utf8 */;
CREATE TABLE `django_migrations` (
  `id` int(11) NOT NULL AUTO_INCREMENT,
  `app` varchar(255) NOT NULL,
  `name` varchar(255) NOT NULL,
  `applied` datetime(6) NOT NULL,
  PRIMARY KEY (`id`)
) ENGINE=InnoDB AUTO_INCREMENT=22 DEFAULT CHARSET=utf8;
/*!40101 SET character_set_client = @saved_cs_client */;

--
-- Dumping data for table `django_migrations`
--

LOCK TABLES `django_migrations` WRITE;
/*!40000 ALTER TABLE `django_migrations` DISABLE KEYS */;
INSERT INTO `django_migrations` VALUES (1,'contenttypes','0001_initial','2019-12-10 04:01:51.550125'),(2,'contenttypes','0002_remove_content_type_name','2019-12-10 04:01:51.838162'),(3,'auth','0001_initial','2019-12-10 04:01:52.088893'),(4,'auth','0002_alter_permission_name_max_length','2019-12-10 04:01:52.846883'),(5,'auth','0003_alter_user_email_max_length','2019-12-10 04:01:52.861255'),(6,'auth','0004_alter_user_username_opts','2019-12-10 04:01:52.876446'),(7,'auth','0005_alter_user_last_login_null','2019-12-10 04:01:52.890537'),(8,'auth','0006_require_contenttypes_0002','2019-12-10 04:01:52.898796'),(9,'auth','0007_alter_validators_add_error_messages','2019-12-10 04:01:52.915309'),(10,'auth','0008_alter_user_username_max_length','2019-12-10 04:01:52.931085'),(11,'auth','0009_alter_user_last_name_max_length','2019-12-10 04:01:52.945085'),(12,'users','0001_initial','2019-12-10 04:01:53.143899'),(13,'admin','0001_initial','2019-12-10 04:01:53.971679'),(14,'admin','0002_logentry_remove_auto_add','2019-12-10 04:01:54.284939'),(15,'admin','0003_logentry_add_action_flag_choices','2019-12-10 04:01:54.301871'),(16,'auth','0010_alter_group_name_max_length','2019-12-10 04:01:54.472873'),(17,'auth','0011_update_proxy_permissions','2019-12-10 04:01:54.530132'),(18,'home','0001_initial','2019-12-10 04:01:54.597149'),(19,'home','0002_article','2019-12-10 04:01:54.682908'),(20,'home','0003_comment','2019-12-10 04:01:55.032278'),(21,'sessions','0001_initial','2019-12-10 04:01:55.394560');
/*!40000 ALTER TABLE `django_migrations` ENABLE KEYS */;
UNLOCK TABLES;

--
-- Table structure for table `django_session`
--

DROP TABLE IF EXISTS `django_session`;
/*!40101 SET @saved_cs_client     = @@character_set_client */;
/*!40101 SET character_set_client = utf8 */;
CREATE TABLE `django_session` (
  `session_key` varchar(40) NOT NULL,
  `session_data` longtext NOT NULL,
  `expire_date` datetime(6) NOT NULL,
  PRIMARY KEY (`session_key`),
  KEY `django_session_expire_date_a5c62663` (`expire_date`)
) ENGINE=InnoDB DEFAULT CHARSET=utf8;
/*!40101 SET character_set_client = @saved_cs_client */;

--
-- Dumping data for table `django_session`
--

LOCK TABLES `django_session` WRITE;
/*!40000 ALTER TABLE `django_session` DISABLE KEYS */;
/*!40000 ALTER TABLE `django_session` ENABLE KEYS */;
UNLOCK TABLES;

--
-- Table structure for table `tb_article`
--

DROP TABLE IF EXISTS `tb_article`;
/*!40101 SET @saved_cs_client     = @@character_set_client */;
/*!40101 SET character_set_client = utf8 */;
CREATE TABLE `tb_article` (
  `id` int(11) NOT NULL AUTO_INCREMENT,
  `avatar` varchar(100) NOT NULL,
  `tags` varchar(20) NOT NULL,
  `title` varchar(100) NOT NULL,
  `sumary` varchar(200) NOT NULL,
  `content` longtext NOT NULL,
  `total_views` int(10) unsigned NOT NULL,
  `comments_count` int(10) unsigned NOT NULL,
  `created` datetime(6) NOT NULL,
  `updated` datetime(6) NOT NULL,
  `author_id` int(11) NOT NULL,
  `category_id` int(11) DEFAULT NULL,
  PRIMARY KEY (`id`),
  KEY `tb_article_author_id_dcf763a4_fk_users_user_id` (`author_id`),
  KEY `tb_article_category_id_d66932e8_fk_tb_category_id` (`category_id`),
  CONSTRAINT `tb_article_author_id_dcf763a4_fk_users_user_id` FOREIGN KEY (`author_id`) REFERENCES `users_user` (`id`),
  CONSTRAINT `tb_article_category_id_d66932e8_fk_tb_category_id` FOREIGN KEY (`category_id`) REFERENCES `tb_category` (`id`)
) ENGINE=InnoDB AUTO_INCREMENT=297 DEFAULT CHARSET=utf8;
/*!40101 SET character_set_client = @saved_cs_client */;

--
-- Dumping data for table `tb_article`
--

LOCK TABLES `tb_article` WRITE;
/*!40000 ALTER TABLE `tb_article` DISABLE KEYS */;
INSERT INTO `tb_article` VALUES (257,'article/20200428/python_1.png','Python','黑马程序员Python学科','Python+人工智能 精准定位，因材施教','<h2><a href=\"http://www.itcast.cn/subject/pythonzly/index.shtml\">人工智能时代，做一个掌控未来的全能工程师</a></h2><br>\r\n<p>\r\n重大政策利好<br>\r\n     小学—山东省小学信息技术六年级教材已加入Python内容，Python语言课程化将成为孩子学习的一种趋势；<br>\r\n     高中—浙江省信息技术课程改革方案已经出台，Python确定进入浙江省信息技术高考，信息技术教材编程语言从VB替换为Python；<br>\r\n     大学—教育部考试中心已发布全国计算机二级考试中正式加入“Python语言程序设计”科目的通知.\r\n</p>\r\n<p>\r\n<br>\r\n发展前景广阔<br>\r\n       Python到底有多火？后端开发、前端开发、爬虫开发、人工智能、金融量化分析、大数据、物联网等，Python应用无处不在，搜索引擎Google的核心代码是Python完成的、迪士尼公司动画生成的Unix版本都内建了Python环境支持、国内知名的豆瓣网是使用Python技术建立……可见Python应用开发技术在各公司都有大规模使用，Python的发展前景是不可估量的。\r\n<br>\r\n\r\n人才缺口较大<br>\r\n    《互联网人才趋势白皮书》显示，虽然大批IT从业人员转型Python开发，但人工智能与大数据高速发展带来的大基数人才缺口，Python工程师短期内依然难以补缺。根据统计数据显示，人才缺口超过100万，国内：豆瓣、搜狐、金山、通讯、盛大、网易、百度、阿里、土豆、新浪等，国外：谷歌、NASA、YouTube、Facebook、红帽等企业都在发布招聘需求。\r\n</p>',8,0,'2020-04-28 07:50:00.000000','2020-04-28 08:31:08.574006',2,1),(258,'article/20200428/Django.png','Python','Django框架学习','欢迎来到传智播客旗下高端IT教育平台--黑马程序员学习','优势一\r\n拓展知识面，一站式快捷学习\r\n<br>\r\n优势二\r\n深入详解开发流程/开发工具链\r\n<br>\r\n优势三\r\n引入数据科学，衔接人工智能\r\n<br>\r\n优势四\r\n实战型课程体系，铸就硬实力\r\n<br>\r\n优势五\r\n研发项目库，实战占比超70%\r\n<br>\r\n优势六\r\n多领域就业，职业选择更丰富\r\n<br>\r\n一站式快捷学习，培养复合型人才',1,0,'2020-04-28 08:00:00.000000','2020-04-29 02:53:15.209289',2,1),(259,'article/20200428/python.png','Python','Python全栈开发','一站式快捷学习，培养复合型人才','全方位、全流程、一站式开发\r\nPython开发特训班课程，以实战项目出发， 将部署运维和测试开发内容整合的项目中，真正让学员参与到实际开发中的各个流程环节，掌握完整Web开发中的各项技能，实现全方位、全流程、一站式开发，最终打造成为一个能测试会运维懂架构的Python开发工程师。\r\n\r\n \r\n全套Web解决方案\r\n现有Python行业内的解决方案参差不齐，通用性不强，无法满足所有网站需求。研发团队整合各种方案，形成一套完善的解决方案，在实际公司开发中能够快速方便的解决实际问题。\r\n\r\n \r\n全新Web实战项目\r\nPython Web课程全新Django框架美多商城项目、Flask框架黑马头条Web项目，美多商城支持前后台分离技术，融合多项主流技术要点，增加就业热点课程：ELK、高并发部署、Jenkins。黑马头条Web项目，以技术方案驱动讲解，提供8大技术方案。\r\n\r\n \r\n丰富的Web项目库\r\n研发团队结合市场上各大类型网站，融合市场先进技术，不断研发新类型的项目，经过4年的项目积累，产出项目数量已有10余个，涵盖小说、电商、在线教育，医疗健康、生活服务、新闻资讯等多种类型的网站，提升丰富项目开发经验，满足公司中的不同业务场景的开发需求。',1,0,'2020-04-28 08:03:00.000000','2020-04-29 02:10:49.852108',2,1),(260,'article/20200428/ai.png','AI','人工智能时代到来','想学习人工智能就来传智播客旗下黑马程序员','在线商品检测项目\r\n在线商品检测项目是一个基于图像方向的一个目标检测的项目。类似的项目应用如淘宝拍立淘等。该项目结合当前CV领域常用工具、深度学习、目标检测算法、微信小程序对接、百度机器人对接等技术，能够为用户或者消费者拍摄的照片、视频中存在的目标做出标记与类别判断。\r\n该项目使用的技术包括图像领域中目标检测YOLO,SSD等算法做模型训练，输入模型的数据使用OpenCV进行读取处理，并进行data argumentation、多GPU模型训练及部署等。通过学习该课程能够掌握对物体检测的技术点以及业务流程	技术亮点：\r\n1、使用OpenCV作为图像与视频的读取工具；\r\n2、基于端到端的目标检测算法YOLO、SSD系统结构；\r\n3、使用数据增强技术进行图片的处理增加泛化能力；\r\n4、使用Web server + TensorFlow serving Client完成前端对接；\r\n5、使用Docker + TensorFlow serving部署模型；\r\n6、使用Label image进行图像的标注存储；\r\n7、进行微信公众号接口开发；\r\n8、使用百度机器人平台对接项目检测服务。',0,0,'2020-04-28 08:11:00.000000','2020-04-28 08:14:50.627070',2,1),(261,'article/20200428/Java_ngWUVGO.png','JavaEE','想学Java，来传智播客','学习会是我有方向，沉迷学习无法自拔','引领潮流\r\n传智播客JavaEE学科在十多年的Java培训中一直引领技术变革，我们一直以来都以最新最好的课程面向所有学生，本套课程加入了大量前沿领先的技术点，如Dubbo+Zookeeper企业服务化架构、SpringBoot+SpringCloud微服务架构、MQ消息队列、Elasticsearch全文搜索、 OAuth协议第三方认证、JWT令牌校验用户权限、SpringDataMongoDB框架、 Redis高级特性、 即时通讯、 环信im云接口、 接口加密、 自研消息通知功能、 百万级非阻塞框架Netty实现消息通知、Docker优化等。\r\n\r\n \r\n项目丰富\r\n课程的目标是让学生灵活运用所学知识进行企业项目开发，项目选材是从真实的企业项目中提取，涉及八大行业二十个项目，包括旅游、物流、社交、电商、物流、教育、金融、租房，通过长达60天的项目实战，让学员真正具备了企业项目开发的能力，轻松应对未来市场变化。\r\n\r\n \r\n解决方案式教学\r\n项目中阶段引入多达40+的解决方案，如企业级微服务全套解决方案、报表方案、通用权限管理方案、支付系统方案、分布式事务解决方案、百万级并发多级缓存方案、秒杀系统方案、及时通讯方案、分布式文件存储方案等，让学员能够快速运用企业主流解决方案来解决企业实际场景问题。',0,0,'2020-04-28 08:15:00.000000','2020-04-28 08:32:02.224394',2,2),(262,'article/20200428/HTML.png','前端','大前端改变世界','前端与移动开发课程改变前端','前沿应用型技术\r\n课程设计之初就对目前企业中最流行的技术及知识点进行过多次调研，整套课程设计完成后，又进一步对课程中的技术点进行了100+项的增加与优化，全面覆盖以 React.js、Vue.js 和 Angular 为首的三大框架，最新的数据流方案、服务端渲染方案，当下非常热门的移动端开发技术：Flutter、React Native、微信小程序，让学员能够轻松应对前端在不同领域、不同行业的技术难题。\r\n\r\n \r\n真实企业级项目库\r\n学员的最终诉求就是能够灵活运用所学知识进行企业项目开发，所以真实的企业级项目是传统培训中最最稀缺的。此次课程核心定位更接近真实企业需求，所以我们从项目选题开始全部以真实就业情况为出发点，横跨电商、金融、在线教育、社交、租房、旅游六大行业，构建真实企业级项目库，，通过超长的项目课程培养学员在真实工作场景中攻克技术难题的的技术实战能力，以及从容应对不同企业需求的业务能力。\r\n\r\n \r\n超全的解决方案库\r\n企业对于人才最核心的需求并不是对单纯掌握某种应用型技术，而是希望开发者能够通过自己的经验帮助企业解决项目中随时出现的问题。所以本次课程除了升级应用型技术的相关课程，更多的还是提供海量商业项目解决方案，构建超全的解决方案库，让学员在日后的项目中可以灵活复用，做到企业有问题，我们有方案。\r\n\r\n \r\n商业项目团队实战\r\n新增了学员自主团队开发的阶段，完全模拟企业中的真实开发场景，从交互稿、设计稿、接口文档，到项目打包工具，源代码管理工具，在项目经理的带领下完成真实企业级项目的继续开发，让学员真正体验并掌握从需求到开发再到上线的方方面面，无需过渡期直接适应真正的企业开发。',0,0,'2020-04-28 08:17:00.000000','2020-04-28 08:20:14.736239',2,3),(263,'article/20200428/ceshi.png','软件测试','测试工程师的摇篮','看过来 软件测试就业班课程','课程名称软件测试就业班课程\r\n课程推出时间2019年9月1日\r\n课程版本号3.0\r\n主要针对Windows、Linux\r\n主要使用开发工具PyCharm、Selenium、PostMan、Appium、Jmeter、Jenkins\r\n课程介绍新增黑马头条综合项目实战；接口测试课程全面升级；性能测试课程全面升级；移动自动化课程全面升级；\r\n新增新增黑马头条综合项目实战（针对真实项目黑马头条进行功能测试、接口测试、UI自动化测试、性能测试）\r\n新增web性能测试\r\n新增Locust性能测试工具\r\n新增使用Postman实现接口测试\r\n接口测试课程新增实战项目-iHRM人力资源管理系统\r\n接口测试中引入持续集成\r\n新增Jmeter实现Web项目性能测试\r\n新增Jmeter工具实现Cookie管理器操作\r\n新增Jemter爬坡线程组场景搭建\r\n新增基于PV、UV、并发数计算\r\n新增Jmeter实现混合场景场景搭建\r\n新增Jmeter实现单一 场景搭建\r\n新增Jmeter模拟思考时间操作\r\n新增Jmeter 插件包管理工具\r\n新增Jmeter实现Json断言\r\n新增Json关联提取器\r\n新增GT进行APP性能测试\r\n优化强化接口测试流程\r\n优化接口测试课程案例\r\n性能常用指标\r\n性能测试流程\r\nJmeter常用性能图表\r\nJmeter接口性能测试\r\n优化电商功能测试设计',0,0,'2020-04-28 08:23:00.000000','2020-04-28 08:24:34.434244',2,6),(264,'article/20200428/c_CdytuRV.png','C','C生万物','C生万物 编程之本','关注学员长远发展\r\n我们加深重点内容的讲解力度，结合实际开发的用法，增加项目比重，使学员增长开发经验和知识的应用与理解，对于以后的职业生涯有极大的帮助。牢固的基础是后续无论做项目经理还是更高层的技术研究还是其他语言的开发，都是必须的。咱们在授课的过程中，不仅关注知识的消化吸收，还注重帮助学员的职业规划，更长远的发展。\r\n\r\n \r\n课程定位更准确\r\n从整个IT行业角度出发，我们将C/C++定位于后端服务与安全研发工程师，意味着从windows开发到Linux开发，从前端界面到后台服务器、从C/C++语言的底层开发到高级的上层应用开发都可胜任，而且可以掌握常见的攻防手段，让技术之路更加稳重。对于大型项目，我们课程项目紧跟时代潮流，包含移动开发、云传输等，游戏服务器，负载均衡服务器等，让学员尽快的适应企业需求。\r\n\r\n \r\n课程定位更全面\r\n内容围绕行业热门技术，有针对性的进行项目实战。在课程内容方面，我们的项目从企业级应用类项目，到时尚热点应用类项目，再到高性能、分布式服务器类项目，最后到微服务项目；层层递进。从传统PC信息系统开发，到Linux系统开发，再到跨平台终端开发。让你学精、学深、学透C/C++，能做到系统培训后，对整个知识形成体系，业后可以有广博的知识面，并且学以致用。\r\n\r\n \r\n就业范围更广泛\r\n我们培养的学员就业范围广阔，如：桌面游戏工程师、Linux服务器开发工程师、Linux系统架构师、渗透测试工程师、网络安全研发工程师、微服务工程师、Web服务器开发工程师、大数据/云计算工程师。涉及到的行业从传统的金融银行到流行的商业项目，从系统安全到网络安全，再到新兴的大数据、物联网、人工智能开发和区块链开发等热点，C/C++无所不能，总之不用担心学会了C/C++会没有市场。',0,0,'2020-04-28 08:25:00.000000','2020-04-28 08:29:32.057991',2,5),(265,'article/20200429/Flask.png','Flask','Flask项目','Flask黑马头条项目','可掌握的核心能力：\r\n1、 掌握Python Web主流框架-Flask的使用；\r\n2、 掌握常见的性能优化技术；\r\n3、 缓存服务器的操作和设计；\r\n4、 异步任务的实现。\r\n\r\n可解决的现实问题：\r\n1、高并发全功能的Web网站开发；\r\n2、提升数据处理响应速度，灵活运用缓存。\r\n\r\n\r\n市场价值：\r\nWeb全栈工程师，独立开发前端和后端业务。',0,0,'2020-04-29 02:33:00.000000','2020-04-29 02:35:09.447580',2,1),(266,'article/20200429/CI.png','自动化测试','Python项目测试和监控','美多商城性能监控--locust、断言、web性能测试、服务器性能监控','可掌握的核心能力：\r\n1、掌握selenium基本使用；\r\n2、掌握UnitTest框架；\r\n3、能够熟练使用request模块；\r\n4、具备接口测试和接口测试框架开发能力；\r\n5、掌握locust的使用。\r\n\r\n可解决的现实问题：\r\n1、web项目自动化测试。\r\n\r\n可拥有的市场价值：\r\n熟练掌握和学习后，可满足测试开发行业的中级需求。',0,0,'2020-04-29 02:35:00.000000','2020-04-29 02:37:40.958026',2,1),(267,'article/20200429/data.png','数据采集','数据采集--scrapy框架','scrapy框架项⽬开发流程、请求对象使⽤、模拟登录、管道使⽤、中间件使⽤','可掌握的核⼼能⼒：\r\n1. ⽹⻚数据爬取；\r\n2. App数据爬取；\r\n3. 反反爬解决⽅案；\r\n4. MongoDB数据存储。\r\n\r\n可解决的现实问题：\r\n⾃动化爬取浏览器⽹站数据或App应⽤数据，对爬取中遇到的反爬措施应⽤相应的反反爬⽅案解决处\r\n理。\r\n\r\n市场价值：\r\n为企业爬取采集数据，胜任爬⾍⼯程师职位。',1,0,'2020-04-29 02:38:00.000000','2020-04-29 02:52:55.040701',2,1),(268,'article/20200429/cloud.png','Python项目','传智云课堂项目','传智云课堂项目是提供IT职业在线课程的学习平台，为即将和已经加入IT领域的技术人才提供在线学习服务。用户通过录播学习掌握IT技能。项目包括门户、学习中心、评论系统、教学管理中心、系统管理中心等平台构成，为学生提供学习服务。','技术方案：\r\n1、CMS内容发布解决方案;\r\n2、分布式图片服务器解决方案;\r\n3、资文件管理解决方案;\r\n4、全文检索服务解决方案;\r\n5、分布式事务解决方案。\r\n\r\n技术亮点：\r\n1、RabbitMQ消息队列;\r\n2、Logstash+ElasticSearch 全文检索;\r\n3、Oauth2+JWT;\r\n4、FastDFS+GridFS分布式文件系统;\r\n5、Nuxt.js服务端渲染;\r\n6、APScheduler+FFmpeg+Nginx+Video.js+ HLS视频处理及点播技术方案;\r\n7、大文件断点续传技术 WebUploader;\r\n8、APScheduler+MQ完成分布式事务控制解决方案。',6,0,'2020-04-29 02:41:00.000000','2020-04-29 07:00:19.400938',2,1),(269,'article/20200429/人工智能.png','人工智能','泛娱乐推荐系统项目','推荐系统的在当下的火爆程度毋庸置疑，个性化推荐的需求也是每一个toC产品应该实现的目标。我们的泛娱乐推荐系统使用主流的Retrive-Ranking(召回-排序)架构。','该推荐系统的主要目标: 通过向用户推荐更合适的帖子, 增加用户交互行为(点赞，评论，转发，收藏等), 进而增加用户平均使用时长。同时满足的用户体验要求: 多样性，新颖性和数据合理性。在排序模块即AI部分，我们将从模型选择，超参数调优，损失函数机器优化方法等多维度深层次进行剖析，诠释为何我们能够推荐出满足用户“嗨点”的作品。\r\n技术亮点：\r\n1、丰富的召回策略帮助我们尽可能多的覆盖不同用户对产品推荐的不同需求, 进而提升用户粘度；\r\n2、金字塔召回机制：海量数据下实时响应用户行为变化；\r\n3、更加科学合理的构建双画像，保证原始数据的准确，为模型收敛奠定基础；\r\n4、分布式训练减少了大型模型训练时间，加速模型调优效率, 更好的利用深度模型发掘海量数据价值；\r\n5、使用wide-deep模型进行排序，在类似工程推荐项目中已经取得成功, eg, google play 提升3.9%。',2,0,'2020-04-29 02:45:00.000000','2020-04-29 02:52:59.069302',2,1),(270,'article/20200429/黑马头条.png','推荐系统','黑马头条推荐系统','黑马头条推荐建立在海量用户与海量文章之上，主要在Feed流推荐、相关推荐、猜你喜欢应用场景。黑马他头条推荐使用Lambda大数据架构做为实时和离线计算整体架构，提供了大量数据的计算支持。并且通过使用分布式环境达到计算能力的提升。','黑马头条使用Flume收集用户在APP上的点击行为、浏览行为、收藏行为等。建立用户与文章之间的交互关系，建立起用户画像和文章画像，并存储在HDFS集群中。通过离线Spark SQL 计算建立HIVE特征中心，存储到HBase集群。通过ALS、LR、FM等机器学习与深度学习推荐算法进行智能推荐。提高了优秀文章的点击率，增加热门文章和新文章的推荐占比，达到千人千面的用户推荐效果。\r\n技术亮点：\r\n1、完整采用一套lambda大数据计算框架；\r\n2、采用Flume进行日志采集工作；\r\n3、采用Sqoop进行Mysql业务数据迁移；\r\n4、使用hadoop分布式文件系统；\r\n5、采用HIVE作为离线数据仓储；\r\n6、采用Spark SQL作为离线分析工具；\r\n7、采取Spark Streaming实现流式计算；\r\n8、采用TFIDF与TextRank完成文章关键词计算；\r\n9、采用spark LDA完成文章主题词计算；\r\n10、采用spark Word2Vec模型计算文章向量；\r\n11、文章相似度计算使用BucketRandomProjectionLSH计算；\r\n12、用户画像引入时间衰减因子计算关键词权重结果；\r\n13、采用Spark建立特征服务中心平台，完成特征提供任务；\r\n14、推荐部分采取召回、排序两种策略任务；\r\n15、召回部分采取多路召回合并，包括ALS召回、模型召回、新文章召回、热门召回；\r\n16、排序部分引入模型融合，使用LR排序、GBDT特征处理、FM模型推荐、Wide&Deep模型；\r\n17、采用Hbase集群完成用户画像、特征结果、推荐结果存储；\r\n18、采用实时画像与实施召回等解决用户冷启动问题；\r\n19、采用GRPC作为用户推荐接口；\r\n20、引入ABTest实验中心，完成埋点参数设置，实时推荐效果反馈和分析，以及模型替换方案；\r\n21、使用Redis作为推荐结果的缓存。',2,0,'2020-04-29 02:47:00.000000','2020-04-29 03:02:09.931766',2,1),(271,'article/20200429/数据流.png','人工智能','在线商品检测项目','在线商品检测项目是一个基于图像方向的一个目标检测的项目。类似的项目应用如淘宝拍立淘等。','该项目结合当前CV领域常用工具、深度学习、目标检测算法、微信小程序对接、百度机器人对接等技术，能够为用户或者消费者拍摄的照片、视频中存在的目标做出标记与类别判断。\r\n该项目使用的技术包括图像领域中目标检测YOLO,SSD等算法做模型训练，输入模型的数据使用OpenCV进行读取处理，并进行data argumentation、多GPU模型训练及部署等。通过学习该课程能够掌握对物体检测的技术点以及业务流程。\r\n技术亮点：\r\n1、使用OpenCV作为图像与视频的读取工具；\r\n2、基于端到端的目标检测算法YOLO、SSD系统结构；\r\n3、使用数据增强技术进行图片的处理增加泛化能力；\r\n4、使用Web server + TensorFlow serving Client完成前端对接；\r\n5、使用Docker + TensorFlow serving部署模型；\r\n6、使用Label image进行图像的标注存储；\r\n7、进行微信公众号接口开发；\r\n8、使用百度机器人平台对接项目检测服务。',15,1,'2020-04-29 02:49:00.000000','2020-05-07 02:20:13.429361',2,1),(272,'article/20200429/Java依旧是王者.png','Java','Java依旧是王者','中国IT行业的未来发展 皆离不开Java语言','传智Java14年\r\n7大课程优势 让你立于不败之地\r\n20大行业项目经验傍身\r\n就业横行IT领域\r\n真实深度项目\r\n传智项目课程四维体系，每个项目都具备“大厂级”标准',0,0,'2020-04-29 02:53:00.000000','2020-04-29 02:55:45.526205',2,2),(273,'article/20200429/探花架构.png','Java项目','探花交友项目','该项目是一个在线交友平台，学员可以通过该项目学习社交交友、即时通讯等主流架构解决方案，并且要学习在社交项目中必然要解决的海量数据存储的问题，对于社交平台智能推荐是否准确是直接影响到用户体验的，在项目中将采用当下主流的 Spark+Mllib 实现智能推荐。学员学习完成后，将基本掌握社交类项目或类似的项目开发以及经验。','该项目是一个在线交友平台，学员可以通过该项目学习社交交友、即时通讯等主流架构解决方案，并且要学习在社交项目中必然要解决的海量数据存储的问题，对于社交平台智能推荐是否准确是直接影响到用户体验的，在项目中将采用当下主流的 Spark+Mllib 实现智能推荐。学员学习完成后，将基本掌握社交类项目或类似的项目开发以及经验。\r\n技术亮点\r\n采用 Elasticsearch Geo实现地理位置查询。\r\n采用 MongoDB 进行海量数据的存储。\r\n采用环信服务实现即时通讯。\r\n用户支付采用支付宝扫码等常用支付方式。\r\n采用 Spring Boot + Mybatis 实现系统主架构。\r\n采用 RocketMQ 作为消息服务中间件。\r\n采用 Spark + Mllib 实现智能推荐。\r\n采用分布式文件系统存储小视频数据。\r\n采用 Apache dubbo 作为微服务架构技术。\r\n采用 Redis 集群实现缓存的高可用。',0,0,'2020-04-29 02:56:00.000000','2020-04-29 02:57:52.291938',2,2),(274,'article/20200429/黑马头条_SqBZxf1.png','黑马头条','黑马头条Java项目','随着智能手机的普及，人们更加习惯于通过手机来看新闻。由于生活节奏的加快，很多人只能利用碎片时间来获取信息，因此，对于移动资讯客户端的需求也越来越高。黑马头条项目正是在这样背景下开发出来。本项目主要着手于获取最新最热新闻资讯，通过大数据分析用户喜好精确推送咨询新闻。','技术亮点\r\n采用使用 WEEX 跨终端开发语言与 VUE.JS 集成开发。\r\n在系统中的图表则使用 Echarts 开发完成。\r\n采用 Spring Boot 快速开发框架 构建项目工程。\r\n采用 Spring Cloud 全家桶技术微服务架构。\r\n运用 WebMagic 爬虫技术。\r\n运用 Kafka 完成内部系统消息通知。\r\n运用 MyCat 数据库中间件计算。\r\n运用 Zookeeper 技术完成大数据节点之后的协调与管理。\r\n使用 Mongodb 存储用户热数据。\r\n运用 Hbase 技术存储系统中的冷数据。\r\n运用 Elasticsearch 搜索技术进行全文检索。',0,0,'2020-04-29 02:58:00.000000','2020-04-29 03:02:44.891379',2,2),(275,'article/20200429/传智健康.png','Java项目','传智健康','传智健康管理系统是一款应用于健康管理机构的业务系统，实现健康管理机构工作内容可视化、患者管理专业化、健康评估数字化、 健康干预流程化、知识库集成化，从而提高健康管理师的工作效率， 加强与患者间的互动，增强管理者对健康管理机构运营情况的了解。','基本信息\r\n业务功能：30个\r\n页面数量：28个\r\n接口数量：16个\r\n解决方案：4个\r\n课程天数：10天\r\n技术亮点\r\n分布式多级缓存实现冷热数据分离。\r\n异步RPC协议实现微服务的高负载方案。\r\n分布式高可靠性集群的服务注册中心方案。\r\n数据可视化展示方案。\r\n基于ElementUI和VUE的前后端分离方案。\r\n基于Apache POI框架实现Excel报表。\r\n基于Spring Security实现的权限控制。',0,0,'2020-04-29 03:02:00.000000','2020-04-29 03:10:10.544180',2,2),(276,'article/20200429/企业级项目.png','Java项目','iHRM 人力资源管理系统','iHRM是一款基于SaaS平台的人力资源管理平台， 企业通过该平台可完成员工管理、审批管理、考勤管理、社保公积金的管理、薪资管理等功能，为企业的人力资源管理提供一站式解决方案。','技术亮点\r\n全行业第一个结合 Activiti7 工作流引擎的应用教程。\r\n基于 Shiro+Redis 的分布式 session 解决方案。\r\n可商用的权限设计方案（提供菜单，按钮，超链接，API粒度的权限控制）。\r\n基于百度云 AI 的刷脸登录。\r\n完备的代码生成器教程。\r\n采用 JasperReport 完成企业级 PDF 报表生成。\r\n自定义代码生成器。\r\n完整的 SasS 模式设计及数据库设计思路。',0,0,'2020-04-29 03:10:00.000000','2020-04-29 03:12:28.650056',2,2),(277,'article/20200429/Java顾问团.png','Java项目','万信金融','万信金融是一个P2P金融平台，P2P金融又叫P2P信贷，P2P是 peer-to-peer 或 person-to-person 的简写，意思是个人对个人， 本项目采用国家政策允许的银行存管模式，为用户提供方便、快捷、 安心的P2P金融服务。项目包括交易平台和业务支撑两个部分，交易平台主要实现理财服务，包括：借钱、出借等模块；业务支撑包括： 标的管理、对账管理、风控管理等模块，项目采用先进的互联网','万信金融管理后台\r\n基本信息\r\n业务数量：63个\r\n页面数量：24个\r\n接口数量：47个\r\n解决方案：10个\r\n课程天数：17天\r\n技术亮点\r\n采用前后端分离架构。通过定义前后端交互接口使前、后端人员职责明确，可并行开发客户端多形态，后台提供统一的 API 使视图与业务逻辑解耦合。\r\n基于Spring Cloud 构建微服务架构，应用了Eureka、Feign、Ribbon、Hystrix等众多Spring Cloud组件。\r\n统一采用 Swagger 接口规范定义。\r\n采用Spring Security OAuth2+JWT+ZUUL实现统一认证。项目使用 API 网关并集成 OAuth2.0 机制，同时搭配“统一认证服务”实现一个符合 OAuth2.0 标准的 API 接入网关。采用 Netflix-Zuul，Spring-Security-JWT，Spring-Cloud-OAuth2 技术实现。\r\n系统采用 Apollo 分布式配置中心提供微服务集中化的配置管理功能。\r\n采用 Redis 缓存技术实现用户信息缓存化。\r\n采用 RocketMQ 解决分布式事务完成异步消息通信，业务场景包括：标的信息发布、启动还款流程等，使用“定时消息”实现标的过期触发，使用“事务消息”实现分布式事务的最终一致性。\r\n采用 Sharding-JDBC 分库分表技术对“标的”、“投标”表进行分库分表。\r\n采用 Elastic-Job 实现分布式任务调度完成定时还款业务。\r\n采用 Elasticsearch 搜索技术实现“标的检索服务”。',0,0,'2020-04-29 03:12:00.000000','2020-04-29 03:13:42.698591',2,2),(278,'article/20200429/项目含金量高.png','Java项目','SaaS-Export','SaaS-Export项目主要解决很多中小企业所面临的货代出口问题。国际物流的业务闭环涉及到海关、船东、港区、仓库、拖车、报关行等多个关联方，交易周期长，支付结算体系受到限制，其复杂性决定了工具的必要性，需要通过工具来建立连接，完成信息的流转。','SaaS-Export管理后台\r\n基本信息\r\n业务功能：43个\r\n页面数量：44个\r\n接口数量：64个\r\n解决方案：10个\r\n课程天数：14天\r\n技术亮点\r\n基于SaaS模式的软件开发流程、数据库设计及基于SaaS模式的权限设计方案。\r\n可以汇总数据，实现各种报表的智能化生成。主要包括传统的Excel报表及PDF报表生成；也可以是前端图形报表及POI报表的优化技术。\r\n前端使用JasperReport、Echarts进行构建。',0,0,'2020-04-29 03:13:00.000000','2020-04-29 03:14:40.506505',2,2),(279,'article/20200429/tlias.png','Java项目','青橙电商','青橙是一个基于B2C的综合性购物网站，为消费者提供一站式购物体验，用户可在平台中完成商品搜索，商品筛选，添 加购物车等操作流程，用户亦可在线完成下单移动支付等操作。为了让用户有更好的在线购物体验，畅购电商为用户提供 了秒杀功能，可通过低价购买自己心仪的商品。','青橙管理后台\r\n基本信息\r\n业务功能：20个\r\n接口数量：24个\r\n解决方案：83个\r\n课程天数：14天（课程：12天+实战：2天）\r\n技术亮点\r\n采用rabbitmq作为消息中间件，实现工程模块的解耦、分布式事务以及服务 端推送，应用rabbitmq延迟队列实现超时订单处理\r\n采用spring security + cas5.0 实现多系统单点登录\r\n使用微信支付，通过内网穿透工具实现回调测试\r\n采用elastichsearch7作为搜索中间件，应用elastichsearch7官方提供的高级restAPI 实现系统的搜索功能（业务类似京东）\r\n采用thymeleaf技术实现商品详细页的静态化渲染和搜索页的服务端渲染',0,0,'2020-04-29 03:14:00.000000','2020-04-29 03:20:08.081390',2,2),(280,'article/20200429/升级.png','Java项目','充吧','充吧是基于畅购电商平台延伸的虚拟电商业务，作为常见的电商业务之一，用户可在平台中完成话费充值、游戏点卡充值等业务，相比于传统的电商业务，虚拟业务无需物流配送，为用户提供更加完善的电商体验。','充吧PC端\r\n基本信息\r\n业务数量：2个\r\n页面数量：5个\r\n接口数量：10个\r\n解决方案：4个\r\n课程天数：7天\r\n技术亮点\r\nmock两个供应商（实际供应商对接需要商务合作，押金一些列问题）\r\n失败轮转（例如余额不足）\r\n网络故障重试\r\n充值失败重试（ 阈值问题）\r\n回调异常，订单状态同步相关问题',2,0,'2020-04-29 03:20:00.000000','2020-05-06 14:45:59.613550',2,2),(281,'article/20200429/Java人才需求.png','Java项目','想学习变成来传智播客学Java','想学习变成来传智播客学Java','与时俱进\r\n课程设计之初就对现阶段企业中流行技术及知识点进行过多次调研，整套课程设计完成后，技术点进行了200+项的增加与优化，Java升级为SE 11版本，加入Lambda表达式及其它新特性的讲解以及JVM原理的深入，引入spring全家桶（spring boot /spring data/spring cloud等），为了让我们的学员在就业市场上更具有竞争力，重点讲解了更多的企业主流技术框架如Dubbo、Zookeeper、Elasticsearch、微信支付、Jenkins、VUE、GIT、Spirng Security Oauth2、RabbitMQ、Redis高级、环信im云接口、接口加密、Netty、Docker等，同时新增了70+线上专题课程。\r\n\r\n \r\n引领潮流\r\n传智播客JavaEE学科在十多年的Java培训中一直引领技术变革，我们一直以来都以最新最好的课程面向所有学生，本套课程加入了大量前沿领先的技术点，如Dubbo+Zookeeper企业服务化架构、SpringBoot+SpringCloud微服务架构、MQ消息队列、Elasticsearch全文搜索、 OAuth协议第三方认证、JWT令牌校验用户权限、SpringDataMongoDB框架、 Redis高级特性、 即时通讯、 环信im云接口、 接口加密、 自研消息通知功能、 百万级非阻塞框架Netty实现消息通知、Docker优化等。\r\n\r\n \r\n项目丰富\r\n课程的目标是让学生灵活运用所学知识进行企业项目开发，项目选材是从真实的企业项目中提取，涉及八大行业二十个项目，包括旅游、物流、社交、电商、物流、教育、金融、租房，通过长达60天的项目实战，让学员真正具备了企业项目开发的能力，轻松应对未来市场变化。\r\n\r\n \r\n解决方案式教学\r\n项目中阶段引入多达40+的解决方案，如企业级微服务全套解决方案、报表方案、通用权限管理方案、支付系统方案、分布式事务解决方案、百万级并发多级缓存方案、秒杀系统方案、及时通讯方案、分布式文件存储方案等，让学员能够快速运用企业主流解决方案来解决企业实际场景问题。',2,0,'2020-04-29 03:20:00.000000','2020-04-29 07:00:32.013519',2,2),(282,'article/20200429/html1.png','HTML项目','好客租房项目','好客租房项目采用目前前端最流行的 React 技术栈进行开发，涵盖了React 中最常用的技术以及移动端场景问题的解决方案，使用React 官方脚手架工具提供的工作流快速搭建和开发项目；使用阿里旗下 antd-mobile 组件库搭建页面结构；使用 React-Router-DOM 作为前端路由管理复杂的页面；使用百度地图API实现地理定位，在地图中直接查找房源等实用功能。','技术亮点\r\n前后端分离的开发模式，后端数据接口服务由NodeJS开发，并通过 CORS解决了前端跨域的问题。\r\n在登录功能中，采用了目前流行的JWT（非传统的cookie+session），实现了登录状态保持。\r\n数据库采用MySql，能够使用NodeJS就能完美的操作MySql数据库。\r\n前端使用了最流行的框架React 技术栈（全家桶），借助于React官方脚手架crreate-react-app进行项目开发。\r\n配合第三方组件库 